/* 
Hypothetical school data generated by ChatGPT to fit schema

Data Overview:
- School: 1 school
- Departments: 12 departments
- Staff: 20 staff members (including governors)
- Tutor Groups: 5 tutor groups
- Students: 30 students (5 per tutor group)
- Subjects: 12 subjects
- Student Subject Choices: Compulsory and optional subjects for each student
*/

INSERT INTO school (name, street_name, city, postcode, google_map_link, telephone, email, hours, rating)
VALUES 
  ('Greenwood High School', 'Elm Street', 'Greenwood', 'GW12 4AB', 'https://maps.example.com/gw12', '01234 567890', 'info@school.ac.uk', '08:30 - 15:30', 'Outstanding');

INSERT INTO person (id, first_name, last_name, email)
VALUES
  (1, 'James', 'Smith', 'j.smith@school.ac.uk'),  -- Governor (Headteacher)
  (2, 'Emily', 'Johnson', 'e.johnson@school.ac.uk'),  -- Governor
  (3, 'Robert', 'Brown', 'r.brown@school.ac.uk'),  -- Governor
  (4, 'Sarah', 'Williams', 's.williams@school.ac.uk'),  -- Governor
  (5, 'Michael', 'Jones', 'm.jones@school.ac.uk'),  -- Governor
  (6, 'Elizabeth', 'Taylor', 'e.taylor@school.ac.uk'),  -- Deputy Headteacher
  (7, 'David', 'Wilson', 'd.wilson@school.ac.uk'),  -- Head of Science Department
  (8, 'Mary', 'Moore', 'm.moore@school.ac.uk'),  -- Science Teacher
  (9, 'John', 'Anderson', 'j.anderson@school.ac.uk'),  -- Science Teacher
  (10, 'Jennifer', 'Thomas', 'j.thomas@school.ac.uk'),  -- Head of Mathematics Department
  (11, 'Charles', 'Jackson', 'c.jackson@school.ac.uk'),  -- Maths Teacher
  (12, 'Patricia', 'White', 'p.white@school.ac.uk'),  -- Maths Teacher
  (13, 'Christopher', 'Harris', 'c.harris@school.ac.uk'),  -- Head of Humanities
  (14, 'Linda', 'Martin', 'l.martin@school.ac.uk'),  -- History Teacher
  (15, 'Barbara', 'Thompson', 'b.thompson@school.ac.uk'),  -- Geography Teacher
  (16, 'Susan', 'Garcia', 's.garcia@school.ac.uk'),  -- French Teacher
  (17, 'Joseph', 'Martinez', 'j.martinez@school.ac.uk'),  -- German Teacher
  (18, 'William', 'Robinson', 'w.robinson@school.ac.uk'),  -- Head of Languages
  (19, 'Dorothy', 'Clark', 'd.clark@school.ac.uk'),  -- Spanish Teacher
  (20, 'Daniel', 'Rodriguez', 'd.rodriguez@school.ac.uk'),  -- Art Teacher
  (21, 'Alexander', 'Lewis', 'a.lewis@school.ac.uk'),  -- Student 1
  (22, 'Sophia', 'Walker', 's.walker@school.ac.uk'),  -- Student 2
  (23, 'Ethan', 'Young', 'e.young@school.ac.uk'),  -- Student 3
  (24, 'Isabella', 'Hall', 'i.hall@school.ac.uk'),  -- Student 4
  (25, 'Mason', 'Allen', 'm.allen@school.ac.uk'),  -- Student 5
  (26, 'Olivia', 'King', 'o.king@school.ac.uk'),  -- Student 6
  (27, 'Lucas', 'Wright', 'l.wright@school.ac.uk'),  -- Student 7
  (28, 'Ava', 'Scott', 'a.scott@school.ac.uk'),  -- Student 8
  (29, 'Henry', 'Green', 'h.green@school.ac.uk'),  -- Student 9
  (30, 'Mia', 'Adams', 'm.adams@school.ac.uk'),  -- Student 10
  (31, 'Thomas', 'Baker', 't.baker@school.ac.uk'),  -- Student 11
  (32, 'Ella', 'Gonzalez', 'e.gonzalez@school.ac.uk'),  -- Student 12
  (33, 'Benjamin', 'Nelson', 'b.nelson@school.ac.uk'),  -- Student 13
  (34, 'Emily', 'Carter', 'e.carter@school.ac.uk'),  -- Student 14
  (35, 'Samuel', 'Mitchell', 's.mitchell@school.ac.uk'),  -- Student 15
  (36, 'Chloe', 'Perez', 'c.perez@school.ac.uk'),  -- Student 16
  (37, 'Jacob', 'Roberts', 'j.roberts@school.ac.uk'),  -- Student 17
  (38, 'Sophie', 'Turner', 's.turner@school.ac.uk'),  -- Student 18
  (39, 'Michael', 'Phillips', 'm.phillips@school.ac.uk'),  -- Student 19
  (40, 'Grace', 'Campbell', 'g.campbell@school.ac.uk'),  -- Student 20
  (41, 'Matthew', 'Parker', 'm.parker@school.ac.uk'),  -- Student 21
  (42, 'Lily', 'Evans', 'l.evans@school.ac.uk'),  -- Student 22
  (43, 'James', 'Edwards', 'j.edwards@school.ac.uk'),  -- Student 23
  (44, 'Alyssa', 'Collins', 'a.collins@school.ac.uk'),  -- Student 24
  (45, 'Joshua', 'Stewart', 'j.stewart@school.ac.uk'),  -- Student 25
  (46, 'Madison', 'Sanchez', 'm.sanchez@school.ac.uk'),  -- Student 26
  (47, 'Logan', 'Morris', 'l.morris@school.ac.uk'),  -- Student 27
  (48, 'Hannah', 'Rogers', 'h.rogers@school.ac.uk'),  -- Student 28
  (49, 'Andrew', 'Reed', 'a.reed@school.ac.uk'),  -- Student 29
  (50, 'Amelia', 'Cook', 'a.cook@school.ac.uk');  -- Student 30

INSERT INTO department (name, school_name)
VALUES 
  ('English', 'Greenwood High School'),
  ('Mathematics', 'Greenwood High School'),
  ('Science', 'Greenwood High School'),
  ('Humanities', 'Greenwood High School'),
  ('Languages', 'Greenwood High School'),
  ('Performing Arts', 'Greenwood High School'),
  ('Art & Design', 'Greenwood High School'),
  ('Business & Computing', 'Greenwood High School'),
  ('Admin Team', 'Greenwood High School'),
  ('Leadership Team', 'Greenwood High School'),
  ('Pastoral Team', 'Greenwood High School'),
  ('Facilities', 'Greenwood High School');

INSERT INTO job (job_title, department_name)
VALUES 
  ('Headteacher', 'Leadership Team'),
  ('Deputy Headteacher', 'Leadership Team'),
  ('Governor', 'Admin Team'),
  ('Head of Year', 'Pastoral Team'),
  ('English Teacher', 'English'),
  ('Maths Teacher', 'Mathematics'),
  ('Science Teacher', 'Science'),
  ('History Teacher', 'Humanities'),
  ('French Teacher', 'Languages'),
  ('Business Studies Teacher', 'Business & Computing'),
  ('Caretaker', 'Facilities'),
  ('Head of English', 'English'),
  ('Head of Mathematics', 'Mathematics'),
  ('Head of Science', 'Science'),
  ('Head of Humanities', 'Humanities'),
  ('Geography Teacher', 'Humanities'),
  ('German Teacher', 'Languages'),
  ('Head of Languages', 'Languages'),
  ('Spanish Teacher', 'Languages'),
  ('Art Teacher', 'Art & Design');

INSERT INTO staff (id, person_id, school_name)
VALUES
  (1, 1, 'Greenwood High School'),  -- James Smith (Headteacher, Governor)
  (2, 2, 'Greenwood High School'),  -- Emily Johnson (Governor)
  (3, 3, 'Greenwood High School'),  -- Robert Brown (Governor)
  (4, 4, 'Greenwood High School'),  -- Sarah Williams (Governor)
  (5, 5, 'Greenwood High School'),  -- Michael Jones (Governor)
  (6, 6, 'Greenwood High School'),  -- Elizabeth Taylor (Deputy Headteacher)
  (7, 7, 'Greenwood High School'),  -- David Wilson (Head of Science Department)
  (8, 8, 'Greenwood High School'),  -- Mary Moore (Science Teacher)
  (9, 9, 'Greenwood High School'),  -- John Anderson (Science Teacher)
  (10, 10, 'Greenwood High School'),  -- Jennifer Thomas (Head of Mathematics Department)
  (11, 11, 'Greenwood High School'),  -- Charles Jackson (Maths Teacher)
  (12, 12, 'Greenwood High School'),  -- Patricia White (Maths Teacher)
  (13, 13, 'Greenwood High School'),  -- Christopher Harris (Head of Humanities)
  (14, 14, 'Greenwood High School'),  -- Linda Martin (History Teacher)
  (15, 15, 'Greenwood High School'),  -- Barbara Thompson (Geography Teacher)
  (16, 16, 'Greenwood High School'),  -- Susan Garcia (French Teacher)
  (17, 17, 'Greenwood High School'),  -- Joseph Martinez (German Teacher)
  (18, 18, 'Greenwood High School'),  -- William Robinson (Head of Languages)
  (19, 19, 'Greenwood High School'),  -- Dorothy Clark (Spanish Teacher)
  (20, 20, 'Greenwood High School');  -- Daniel Rodriguez (Art Teacher)

INSERT INTO staff_job (staff_id, job_title)
VALUES
  (1, 'Headteacher'),   -- James Smith (Headteacher)
  (1, 'Governor'),   -- James Smith (Governor)
  (2, 'Governor'),   -- Emily Johnson (Governor)
  (3, 'Governor'),   -- Robert Brown (Governor)
  (4, 'Governor'),   -- Sarah Williams (Governor)
  (5, 'Governor'),   -- Michael Jones (Governor)
  (6, 'Deputy Headteacher'),   -- Elizabeth Taylor (Deputy Headteacher)
  (6, 'Art Teacher'),   -- Elizabeth Taylor (Art Teacher)
  (7, 'Head of Science'),  -- David Wilson (Head of Science)
  (7, 'Science Teacher'),  -- David Wilson (Science Teacher)
  (8, 'Science Teacher'),   -- Mary Moore (Science Teacher)
  (9, 'Science Teacher'),   -- John Anderson (Science Teacher)
  (10, 'Head of Mathematics'), -- Jennifer Thomas (Head of Mathematics)
  (10, 'Maths Teacher'), -- Jennifer Thomas (Maths Teacher)
  (11, 'Maths Teacher'),  -- Charles Jackson (Maths Teacher)
  (12, 'Maths Teacher'),  -- Patricia White (Maths Teacher)
  (13, 'Head of Humanities'),  -- Christopher Harris (Head of Humanities)
  (13, 'Geography Teacher'),  -- Christopher Harris (Geography Teacher)
  (13, 'History Teacher'),  -- Christopher Harris (History Teacher)
  (14, 'History Teacher'),  -- Linda Martin (History Teacher)
  (15, 'Geography Teacher'),  -- Barbara Thompson (Geography Teacher)
  (16, 'French Teacher'),  -- Susan Garcia (French Teacher)
  (17, 'German Teacher'), -- Joseph Martinez (German Teacher)
  (18, 'Head of Languages'), -- William Robinson (Head of Languages)
  (18, 'French Teacher'), -- William Robinson (French Teacher)
  (19, 'Spanish Teacher'), -- Dorothy Clark (Spanish Teacher)
  (20, 'Art Teacher'); -- Daniel Rodriguez (Art Teacher)

INSERT INTO governor (id, person_id, job_title, school_name, start_date, end_date)
VALUES 
  (1, 1, 'Governor', 'Greenwood High School', '2022-01-01', '2026-01-01'),  -- James Smith (Headteacher, Governor)
  (2, 2, 'Governor', 'Greenwood High School', '2022-01-01', '2025-01-01'),  -- Emily Johnson (Governor)
  (3, 3, 'Governor', 'Greenwood High School', '2022-01-01', '2024-01-01'),  -- Robert Brown (Governor)
  (4, 4, 'Governor', 'Greenwood High School', '2022-01-01', '2024-01-01'),  -- Sarah Williams (Governor)
  (5, 5, 'Governor', 'Greenwood High School', '2022-01-01', '2023-01-01');  -- Michael Jones (Governor)

INSERT INTO tutor_group (group_code)
VALUES 
  ('7A'), ('8A'), ('9A'), ('10A'), ('11A'), ('11B');

INSERT INTO student (id, person_id, school_name, tutor_group, year_group)
VALUES
  (1, 21, 'Greenwood High School', '11A', 11),  -- Alexander Lewis
  (2, 22, 'Greenwood High School', '11B', 11),  -- Sophia Walker
  (3, 23, 'Greenwood High School', '11A', 11),  -- Ethan Young
  (4, 24, 'Greenwood High School', '11A', 11),  -- Isabella Hall
  (5, 25, 'Greenwood High School', '11B', 11),  -- Mason Allen
  (6, 26, 'Greenwood High School', '11A', 11),  -- Olivia King
  (7, 27, 'Greenwood High School', '11A', 11),  -- Lucas Wright
  (8, 28, 'Greenwood High School', '11B', 11),  -- Ava Scott
  (9, 29, 'Greenwood High School', '11B', 11),  -- Henry Green
  (10, 30, 'Greenwood High School', '11B', 11),  -- Mia Adams
  (11, 31, 'Greenwood High School', '10A', 10),  -- Thomas Baker
  (12, 32, 'Greenwood High School', '10A', 10),  -- Ella Gonzalez
  (13, 33, 'Greenwood High School', '10A', 10),  -- Benjamin Nelson
  (14, 34, 'Greenwood High School', '10A', 10),  -- Emily Carter
  (15, 35, 'Greenwood High School', '10A', 10),  -- Samuel Mitchell
  (16, 36, 'Greenwood High School', '9A', 9),  -- Chloe Perez
  (17, 37, 'Greenwood High School', '9A', 9),  -- Jacob Roberts
  (18, 38, 'Greenwood High School', '9A', 9),  -- Sophie Turner
  (19, 39, 'Greenwood High School', '9A', 9),  -- Michael Phillips
  (20, 40, 'Greenwood High School', '9A', 9),  -- Grace Campbell
  (21, 41, 'Greenwood High School', '8A', 8),  -- Matthew Parker
  (22, 42, 'Greenwood High School', '8A', 8),  -- Lily Evans
  (23, 43, 'Greenwood High School', '8A', 8),  -- James Edwards
  (24, 44, 'Greenwood High School', '8A', 8),  -- Alyssa Collins
  (25, 45, 'Greenwood High School', '8A', 8),  -- Joshua Stewart
  (26, 46, 'Greenwood High School', '7A', 7),  -- Madison Sanchez
  (27, 47, 'Greenwood High School', '7A', 7),  -- Logan Morris
  (28, 48, 'Greenwood High School', '7A', 7),  -- Hannah Rogers
  (29, 49, 'Greenwood High School', '7A', 7),  -- Andrew Reed
  (30, 50, 'Greenwood High School', '7A', 7);  -- Amelia Cook

INSERT INTO subject (subject)
VALUES 
  ('English Literature'),
  ('English Language'),
  ('Mathematics'),
  ('Science (Double)'),
  ('Science (Triple)'),
  ('History'),
  ('Geography'),
  ('French'),
  ('German'),
  ('Spanish'),
  ('Business Studies'),
  ('Computing');

INSERT INTO student_subject_choice (student_id, subject_choice)
VALUES 
  -- GCSE subjects, so years 10 and 11 only
  -- All students to take English Language, English Literature, Mathematics and do either double or triple science
  (1, 'English Literature'), (1, 'English Language'), (1, 'Mathematics'), (1, 'Science (Double)'), (1, 'History'), (1, 'French'), (1, 'Business Studies'),  -- Alexander Lewis
  (2, 'English Literature'), (2, 'English Language'), (2, 'Mathematics'), (2, 'Science (Double)'), (2, 'History'), (2, 'German'), (2, 'Business Studies'),  -- Sophia Walker
  (3, 'English Literature'), (3, 'English Language'), (3, 'Mathematics'), (3, 'Science (Double)'), (3, 'History'), (3, 'Spanish'), (3, 'Computing'),  -- Ethan Young
  (4, 'English Literature'), (4, 'English Language'), (4, 'Mathematics'), (4, 'Science (Triple)'), (4, 'History'), (4, 'French'), (4, 'Computing'),  -- Isabella Hall
  (5, 'English Literature'), (5, 'English Language'), (5, 'Mathematics'), (5, 'Science (Double)'), (5, 'History'), (5, 'German'), (5, 'Business Studies'),  -- Mason Allen
  (6, 'English Literature'), (6, 'English Language'), (6, 'Mathematics'), (6, 'Science (Triple)'), (6, 'Geography'), (6, 'French'), (6, 'Business Studies'),  -- Olivia King
  (7, 'English Literature'), (7, 'English Language'), (7, 'Mathematics'), (7, 'Science (Triple)'), (7, 'Geography'), (7, 'French'), (7, 'Business Studies'), -- Lucas Wright
  (8, 'English Literature'), (8, 'English Language'), (8, 'Mathematics'), (8, 'Science (Double)'), (8, 'History'), (8, 'German'), (8, 'Business Studies'), -- Ava Scott
  (9, 'English Literature'), (9, 'English Language'), (9, 'Mathematics'), (9, 'Science (Double)'), (9, 'History'), (9, 'German'), (9, 'Business Studies'),  -- Henry Green
  (10, 'English Literature'), (10, 'English Language'), (10, 'Mathematics'), (10, 'Science (Double)'), (10, 'Geography'), (10, 'Spanish'), (10, 'Computing'),  -- Mia Adams
  (11, 'English Literature'), (11, 'English Language'), (11, 'Mathematics'), (11, 'Science (Double)'), (11, 'Geography'), (11, 'Spanish'), (11, 'Computing'),  -- Thomas Baker
  (12, 'English Literature'), (12, 'English Language'), (12, 'Mathematics'), (12, 'Science (Triple)'), (12, 'History'), (12, 'French'), (12, 'Business Studies'),  -- Ella Gonzalez
  (13, 'English Literature'), (13, 'English Language'), (13, 'Mathematics'), (13, 'Science (Triple)'), (13, 'History'), (13, 'French'), (13, 'Business Studies'),  -- Benjamin Nelson
  (14, 'English Literature'), (14, 'English Language'), (14, 'Mathematics'), (14, 'Science (Double)'), (14, 'History'), (14, 'French'), (14, 'Business Studies'),  -- Emily Carter
  (15, 'English Literature'), (15, 'English Language'), (15, 'Mathematics'), (15, 'Science (Double)'), (15, 'History'), (15, 'French'), (15, 'Computing');  -- Samuel Mitchell